MuteAce,
Orex,
Cheeks,FRKS,
Lima,
Grayson,FRKS,
_trey5,UTDe,
Gidy,DRiP,
yonni,Iluz,
dezly,UTDe,
Kazma,UTDe FRKS,
Marce,
Chef,
Tispai,
jonhy,
AZ,
YellowRello,
Teaser,
Danbi,NWA,
Skitz,
z3,DRiP,
Bert The Dragon,
Eclipse,
SUPERHEAD,UTA,
YungBiddness,
SparK,
DWIN,
Xillion,
graffetti,
Memphis,
Tibs,
BIG PINK,
TaloHalo,
AutoMagic,
NationWide,
Gyo,
Jayce,
Exile H.,
Usagi,
Simon,
LightningCam,
SCents,
Chichico,
Beastly,
Saint Absol,
hippo,
Clue,
Kosoku,
BrainTrope,
Beastly,
disqobunny,
FUFa,
Mage,
Hakii,
Atomic,
Ados,
Chrim,
Renslay,
Comona,
Requiem,
skrewups,
Griz,
Shokio,
tumut tony,
Lord_Lex,
Sora_J,
KennyG,
Arod,
Bert The Dragon,
CaRai,
Ismon,
Hakii,R1,
Ep1cEv4n,
Batmayne,
AutoCorrect,
Chuky,
Waifu,
JAMA,FRKS,
Duallium,
Shigura,LSG,
Dr.Trumpet,
Marce,UTDe,
BombHappy,
Dizzle,
Fox,UTDe,
Yu,TFL,
Zanryo,EVIL,
Phenom,
LORDKING,
Thrillho,eLH,
hippo,
Exile,
MadIke,
MegaMania,
AsurA,
Champagne,
;^),
Cultist,TLOC,
Rubee,
daddy,
hiphopfrogs,
Rubee,
RAINDANCER,
Link-182,
Hunter,
Milo,
Dillon!,
Drewski,
Drago,DIV3,
Grandma,
Blind,
Leonine,
Aria,
Maple,
Zephiel,
KC,
DairBair,
Thrillho,
THIEF,
Box,
faptain calcon,
Cam I Am,CNP,
Sleepy_Manimal,
Jeckup,
Syn,
RhikerSaint,
Kaiba,
El_Fino,
Aeiji,
Kiev-Stomp,
ammu,
Chole,
SpotsKH,
Mommy,
Cheekyricky,
jees,
Sleepy,
silly.,
BigLuzarr,
Doode,
Grimp,
Chau,
El Fino,
Gob,
Rice,
Bricksh0t,
Kilgore,
gurg7,
Fl33k,CNP,
Batracuda,
Galladiated,
Lactose,
Kawaii.jpg,
TROL,GUMP,
MeowmiXX,
Nameless,
Pepsi Man!,
Catulus,
WitherMan,
Khaos,
chic,
QTwo,
sealedshut,
Texture,
Shy Woomy,
Toramaizin,
HitBox,
Nud,
Scout,
Naysaya,
Kid,
Lil' Adrian,
CMDRCamper,
Akechi~,
Combo,
Moose,9mm
Alex,
Rey,
Milamberking,
Redwood,
JayLogic,
Escal,
JoWiikly,
JustGreen,
Kirbio,
CharredLog,
Trickster,
Conrad,
Indy Gray,
SoFar,
Micxh,
Zehtri,
Bretticus,
.erik,
Cowboy Dan,
Bigtoejack,
Thato,
KBOT,
migs,
TommyTheMLGPro,
Giuseppe,
Dialekt,
Lucifer,
Cake,
halqery,
Nindo,
JVFRS,
Ravi,
A.S.E,FRKS,
yanny,
Seanie,
Bazool,
Blooangel,
Malloy,
BBaker,
Emka,
GARZ,
SZND,
Goku,
Taranga,
Peels,
HBOY,FRKS,
Tilted,
Mom,
Chase,TLOC,
duckie,
Pixie,
3ku,
Comona,TLOC,
Shadow403killer,
RyGuy,
MoralSupport,
GK,
TheAgentOfForce,
Furious George,SMU,
Fris,
Catulus,
BaronBears,
Beebs,NTSC
Semaj,
Katsu,
Frog_Waifu,
cow,
#blm,
Cold,
spacewalk,
DogCowy,
soup,
Venth,
Semaj,
GOON,
Jasacre,
Ocelot,
Kusi,
Angus,
bobby big ballz,
SFOP, TLOC
Stude,
SDJ,
FemboyFG,
Strawberry Eclair,
Anoose,
Mesia214,
Raider_Itty,
TCT,
Beluga,
PhattyMikey,
Power of Armor,
Kondo,
Blade,
PhilRaven,
Ruhrax,
